<?xml version="1.0" encoding="UTF-8"?>
<!DOCTYPE mapper
PUBLIC "-//mybatis.org//DTD Mapper 3.0//EN"
"http://mybatis.org/dtd/mybatis-3-mapper.dtd">
<mapper namespace="com.hy.mapper.CarBrandMapper">
	
	<resultMap type="com.hy.model.CarBrand" id="CarBrands">
	<id column="id" property="id"/>
	<result column="brand_code" property="code"/>
	<result column="brand_name" property="name"/>
	<result column="brand_pic" property="picture"/>
	<result column="brand_url" property="url"/>
	<result column="create_date" property="date"/>
	<result column="brand_py" property="py"/>
	</resultMap>
	
	<!-- 添加操作 -->
	<insert id="addCarBrand" useGeneratedKeys="true" keyProperty="id" parameterType="CarBrand">
	insert into t_brand(brand_code,brand_name,brand_pic,brand_url,create_date,brand_py) values(#{code},#{name},#{picture},#{url},#{date},#{py})
	</insert>
	<!-- 删除操作 -->
	<delete id="deleteCarBrand" parameterType="int">
	delete from t_brand 
	where id=#{id}
	</delete>
	
	<!-- 修改操作 -->
	<update id="updateCarBrand" parameterType="CarBrand">
	update t_brand 
	set brand_code=#{code},brand_name=#{name},brand_pic=#{picture},brand_url=#{url},brand_py=#{code}
	where id=#{id}
	</update>
	
	<!-- 查询操作 -->
	<select id="checkCarBrandById" parameterType="int" resultMap="CarBrands">
	select * from t_brand where id=#{id}
	</select>
	
	<select id="searchCarBrand" parameterType="String" resultMap="CarBrands">
	select * from t_brand where brand_code=#{keyword} or brand_name=#{keyword}
	</select>
	
	<!-- 遍历 -->
	<select id="checkAllCarBrand" resultMap="CarBrands">
	select * from t_brand
	</select>
</mapper>