<?xml version="1.0" encoding="UTF-8"?>
<!DOCTYPE mapper
PUBLIC "-//mybatis.org//DTD Mapper 3.0//EN"
"http://mybatis.org/dtd/mybatis-3-mapper.dtd">
<mapper namespace="com.hy.mapper.CarMapper">

	<!-- 添加操作 -->
	<insert id="addCar" useGeneratedKeys="true"
		keyProperty="id" parameterType="Car">
		insert into
		t_company_car(lease_id, car_no, car_name, car_type, car_brand, car_serial, normal_price, holiday_price, special_price, gear, displacement, seating, car_quantity, plate_double, car_pic, audit_state, updown_state, car_desc, create_date,has_navigat)
		values(#{lease_id},#{car_no},#{car_name},#{car_type},#{car_brand},#{car_serial},#{normal_price},#{holiday_price},#{special_price},#{gear},#{displacement},#{seating},#{car_quantity},#{plate_double},#{car_pic},#{audit_state},#{updown_state},#{car_desc},#{create_date},#{has_navigat})
	</insert>
	
	<!-- 删除操作 -->
	<delete id="deleteCar" parameterType="int">
	delete from t_company_car 
	where id=#{id}
	</delete>
	
	<!-- 修改操作 -->
	<update id="updateCar" parameterType="Car">
	update t_company_car 
	set car_name=#{car_name},car_type=#{car_type},car_brand=#{car_brand},
	car_serial=#{car_serial},normal_price=#{normal_price},holiday_price=#{holiday_price},
	special_price=#{special_price},gear=#{gear},displacement=#{displacement},seating=#{seating},
	car_quantity=#{car_quantity},plate_double=#{plate_double},car_pic=#{car_pic},
	audit_state=#{audit_state},updown_state=#{updown_state},car_desc=#{car_desc},
	has_navigat=#{has_navigat}
	where id=#{id}
	</update>
	
	<!-- 查询操作 -->
	<select id="checkCarById" parameterType="int" resultType="Car">
	select * from t_company_car where id=#{id}
	</select>
	
	<select id="searchCar" parameterType="String" resultType="Car">
	select * from t_company_car where car_name=#{keyword} or car_brand=#{keyword}
	</select>

	<!-- 遍历 -->
	<select id="checkAllCar" resultType="Car">
	select * from t_company_car
	</select>

</mapper>