<?xml version="1.0" encoding="UTF-8" ?>
<!DOCTYPE mapper
PUBLIC "-//mybatis.org//DTD Mapper 3.0//EN"
"http://mybatis.org/dtd/mybatis-3-mapper.dtd">
<mapper namespace="com.hy.mapper.CompanyMapper">

	<resultMap type="com.hy.model.Company" id="companymapper">
		<id column="id" property="id"/>
		<result column="company_name" property="company_name"/>
		<result column="lease_name" property="lease_name"/>
		<result column="telephone" property="telephone"/>
		<result column= "mobile_phone" property="mobile_phone"/>
		<result column="address" property="address"/>
		<result column="mail" property="mail"/>
		<result column="open_bank" property="open_bank"/>
		<result column="bank_account" property="bank_account"/>
		<result column="remark" property="remark"/>
		<result column="audit_state" property="audit_state"/>
		<result column="enabled" property="enabled"/>
		<result column="del_state" property="del_state"/>
		<result column="create_date" property="create_date"/>
		<result column="car_desc" property="car_desc"/>
		<result column="AREA" property="AREA"/>
		<result column="fault_name" property="fault_name"/>
		<result column="fault_phone" property="fault_phone"/>
	</resultMap>
	<select id="findAllCompany" resultType="Company">
		select id,company_name, lease_name, telephone, mobile_phone, address, mail, open_bank, bank_account from t_company
	</select>
	
	<select id="findCompanyById" parameterType="String" resultType="Company">
	select id, company_name, lease_name, telephone, mobile_phone,address, mail, open_bank, bank_account from T_company 
	where company_name=#{id} or address=#{id}
	</select>
	
	<delete id = "deleteCompanyById" parameterType= "int">
	delete from t_company 
	where id = #{id}
	</delete>
	
	<insert id="addCompany" useGeneratedKeys="true" keyProperty="id" parameterType="Company">
		insert into T_company(company_name, lease_name, telephone, mobile_phone, address,  mail, open_bank, bank_account, remark)
		values(#{company_name}, #{lease_name}, #{telephone}, #{mobile_phone}, #{address},  #{mail}, #{open_bank}, #{bank_account}, #{remark})
	</insert>
	
	<update id="updateCompanyById" parameterType="Company">
		update t_company set company_name=#{company_name}, lease_name=#{lease_name}, telephone=#{telephone}, 
		mobile_phone=#{mobile_phone}, address=#{address},  mail=#{mail}, open_bank=#{open_bank}, bank_account=#{bank_account}, remark=#{remark} 
		where id=#{id}
	</update>
	
	<select id="findCompanyId" parameterType="int" resultType="Company">
	select id, company_name, lease_name, telephone, mobile_phone,address, mail, open_bank, bank_account from T_company 
	where id=#{id}
	</select>
	
</mapper>