<?xml version="1.0" encoding="UTF-8" ?>
<!DOCTYPE mapper
PUBLIC "-//mybatis.org//DTD Mapper 3.0//EN"
"http://mybatis.org/dtd/mybatis-3-mapper.dtd">
<mapper namespace="com.hy.mapper.HolidayMapper">
   
	
	<!-- 查询假日全部信息 -->
	<select id="findAll" resultType="Holiday">
		select id,holiday,holiday_type,create_date from t_lease_holiday
	</select>
	<!-- 根据ID查询假日全部信息 -->
	<select id="findHolidayById" parameterType="int" resultType="Holiday">
		select id,holiday,holiday_type,create_date from t_lease_holiday where id=#{id}
	</select>
	
	<!-- 添加假日信息 -->
	<insert id="addHoliday" parameterType="Holiday" useGeneratedKeys="true" keyProperty="id">
		insert into t_lease_holiday(holiday,lease_id,holiday_type,create_date) values (#{holiday},#{lease_id},#{holiday_type},#{create_date})
	</insert>
	
	
	<!-- 根据id修改假日信息 -->
	<update id="updateHoliday" parameterType="Holiday">
	update t_lease_holiday set holiday=#{holiday},holiday_type=#{holiday_type},create_date=#{create_date}  
	where id=#{id}
	</update>
	
	<!-- 根据编号删除假日信息 -->
	<delete id="deleteHolidayById" parameterType="int">
	delete from t_lease_holiday where id=#{id}
	</delete>
	
	<select id="findallConame" parameterType="int" resultType="Company">
		select id,company_name from t_company
	</select>
</mapper>
