<?xml version="1.0" encoding="UTF-8"?>
<!DOCTYPE mapper
PUBLIC "-//mybatis.org//DTD Mapper 3.0//EN"
"http://mybatis.org/dtd/mybatis-3-mapper.dtd">
<mapper namespace="com.hy.mapper.MemberMapper">

<!-- 添加操作 -->
	<insert id="addMember" useGeneratedKeys="true" keyProperty="id" parameterType="Member">
	insert into t_member(member_name,login_name,member_pwd,gender,nick_name,id_card,mobile_phone, email, icon, birth_day, province, city, area, address, lease_id, member_type, CREATE_DATE, member_state, push_user_id, push_channel_id, mobile_type, level, referrer_id, THIRDUSERID, THIRDTOKEN, THIRDTYPE)
	values(#{member_name},#{login_name},#{member_pwd},#{gender},#{nick_name},#{id_card},#{mobile_phone},#{email},#{icon},#{birth_day},#{province},#{city},#{area},#{address},#{lease_id},#{member_type},#{CREATE_DATE},#{member_state},#{push_user_id},#{push_channel_id},#{mobile_type},#{level},#{referrer_id},#{THIRDUSERID},#{THIRDTOKEN},#{THIRDTYPE})
	</insert>
<!-- 删除操作 -->
	<delete id="deleteMember" parameterType="int">
	delete from t_member 
	where id=#{id}
	</delete>
<!-- 修改操作 -->
	<update id="updateMember" parameterType="Member">
	update t_member 
	set member_name=#{member_name},login_name=#{login_name},
	member_pwd=#{member_pwd},gender=#{gender},nick_name=#{nick_name},
	id_card=#{id_card},mobile_phone=#{mobile_phone},email=#{email},icon=#{icon},
	birth_day=#{birth_day},province=#{province},city=#{city},area=#{area},
	address=#{address},lease_id=#{lease_id},member_type=#{member_type},
	CREATE_DATE=#{CREATE_DATE},member_state=#{member_state},push_user_id=#{push_user_id},
	push_channel_id=#{push_channel_id},mobile_type=#{mobile_type},
	level=#{level},referrer_id=#{referrer_id},THIRDUSERID=#{THIRDUSERID},
	THIRDTOKEN=#{THIRDTOKEN},THIRDTYPE=#{THIRDTYPE}
	where id=#{id}
	</update>	
<!-- 查询操作 -->
	<select id="checkMemberById" parameterType="int" resultType="Member">
	select * from t_member where id=#{id}
	</select>
	
	<select id="searchMember" resultType="Member">
	select * from t_member where (login_name=#{0} or mobile_phone=#{0} or email=#{0} or #{0}='') and level=#{1}
	</select>
	
	<!-- 遍历 -->
	<select id="checkAllMember" resultType="Member">
	select * from t_member
	</select>	
</mapper>