<?xml version="1.0" encoding="UTF-8" ?>
<!DOCTYPE mapper
PUBLIC "-//mybatis.org//DTD Mapper 3.0//EN"
"http://mybatis.org/dtd/mybatis-3-mapper.dtd">
<mapper namespace="com.hy.mapper.OrderMapper">
 
 
 
	<!-- 实现多表之间的联合查询 
		o.id,m.id,co.company_name,o.rental_fee,o.insurance_fee,o.create_time
		多对一
	-->
	<resultMap type="com.hy.model.Order" id="ordermapper">
		<id column="id" property="id"/>
		<result column="order_no" property="order_no"/>
		<result column="rental_fee" property="rental_fee"/>
		<result column="insurance_fee" property="insurance_fee"/>
		<result column="create_time" property="create_time"/>
		<!-- 多对一的设置 -->
		
		<association property="member" javaType="com.hy.model.Member">
			<id column="member_id" property="id"/>
		</association>
		
		<association property="company" javaType="com.hy.model.Company">
			<id column="company_id" property="id"/>
			<result column="company_name" property="company_name"/>
		</association>
	</resultMap>
	
	
	<!-- 查询订单详细信息
	-->
	<resultMap type="com.hy.model.Order_car" id="ordercarmapper">
			<id column="id" property="id"/>
			<result column="tack_address" property="tack_address"/>
			<result column="lease_Name" property="lease_Name"/>
			<result column="car_pic" property="car_pic"/>
			<result column="car_no" property="car_no"/>
			<result column="plate_DOUBLE" property="plate_DOUBLE"/>
			<result column="tack_address" property="tack_address"/>
			<result column="return_address" property="return_address"/>
			<result column="normal_price" property="normal_price"/>
			<result column="holiday_price" property="holiday_price"/>
			<result column="special_price" property="special_price"/>
			
		
		<association property="order" javaType="com.hy.model.Order">
			<id column="order_id" property="id"/>
			<result column="order_member_id" property="member_id"/>
			<result column="rental_fee" property="rental_fee"/>
			<result column="pay_time" property="pay_time"/>
			<result column="order_no" property="order_no"/>
			<result column="pay_state" property="pay_state"/>
			<result column="base_state" property="base_state"/>
			<result column="create_time" property="create_time"/>
			<result column="take_state" property="take_state"/>
		</association>
		
		<association property="order_take_car" javaType="com.hy.model.Order_take_car">
			<id column="order_take_car_id" property="id"/>
			<result column="take_date" property="take_date"/>
		</association>
		
		<association property="member" javaType="com.hy.model.Member">
			<id column="member_id" property="id"/>
			<result column="member_name" property="member_name"/>
			<result column="mobile_phone" property="mobile_phone"/>
		</association>
	</resultMap>
	<select id="findOrder" resultMap="ordercarmapper" parameterType="int">
		select m.member_name,m.mobile_phone,oc.tack_address,o.pay_time,o.order_no,o.create_time,o.pay_time,
		o.pay_state,oc.lease_Name,oc.car_pic,oc.car_no,oc.plate_DOUBLE,otc.take_date,oc.tack_address,
		oc.return_address,o.base_state,oc.normal_price,oc.holiday_price,oc.special_price,o.take_state,o.rental_fee,o.id as order_id
		from t_order o,t_order_car oc,t_order_take_car otc,t_member m
		where o.order_no = oc.order_no and oc.order_no = otc.order_no and oc.member_id = m.id and o.id=#{id}
	</select>
	
	<!-- 根据编号删除订单信息 -->
	<delete id="deleteOrderById" parameterType="int">
	delete from t_order where id=#{id}
	</delete>
	
	
	<!-- 根据输入的字符串查询订单信息
	and o.pay_state=#{0} and (o.order_no=#{1} OR m.member_name=#{1} OR m.mobile_phone=#{1} )
	 -->
	<select id="searchMember" resultMap="ordermapper">
	select o.id, o.order_no,m.id as member_id,co.company_name,o.rental_fee,o.insurance_fee,o.create_time
		from t_order o,t_company co,t_member m
		where o.lease_id = co.id and o.member_id = m.id 
		and (o.pay_state=#{0} OR #{0}=2) and (o.order_no=#{1} OR m.member_name=#{1} OR m.mobile_phone=#{1} OR #{1}='')
	</select>
	
	<select id="findAllOrder" resultMap="ordermapper">
		select o.id,o.order_no,m.id as member_id,co.company_name,o.rental_fee,o.insurance_fee,o.create_time
		from t_order o,t_company co,t_member m
		where o.lease_id = co.id and o.member_id = m.id
	</select>
	
	<!-- 根据id修改支付状态 -->
	<update id="upPay_stateById" parameterType="int">
	update t_order set pay_state=1 
	where id=#{id}
	</update>
	
	<!-- 根据id修改还车状态 -->
	<update id="upTake_stateById" parameterType="int">
	update t_order set take_state=2 
	where id=#{id}
	</update>
</mapper>
