<?xml version="1.0" encoding="UTF-8" ?>
<!DOCTYPE mapper
PUBLIC "-//mybatis.org//DTD Mapper 3.0//EN"
"http://mybatis.org/dtd/mybatis-3-mapper.dtd">
<mapper namespace="com.hy.mapper.TypeMapper">
   
	
	<!-- 查询车系全部信息 -->
	<select id="findAll" resultType="Car_type">
		select id,brand_code,serial_code,serial_name from t_car_serial
	</select>
	<!-- 添加车系信息 -->
	<insert id="addType" parameterType="Car_type" useGeneratedKeys="true" keyProperty="id">
		insert into t_car_serial(brand_code,serial_code,serial_name,create_date) values (#{brand_code},#{serial_code},#{serial_name},#{create_date})
	</insert>
	
	<!-- 根据输入的字符串查询车系信息 -->
	<select id="findCT" parameterType="String" resultType="Car_type">
	select id,brand_code,serial_code,serial_name from t_car_serial 
	where serial_name=#{inputvalue} OR serial_code=#{inputvalue}
	</select>
	
	<!-- 根据ID查询车系信息 -->
	<select id="findCTById" parameterType="int" resultType="Car_type">
	select id,brand_code,serial_code,serial_name from t_car_serial 
	where id=#{id}
	</select>
	
	<!-- 根据id修改车系信息 -->
	<update id="updateCTById" parameterType="Car_type">
	update t_car_serial set brand_code=#{brand_code},serial_code=#{serial_code},serial_name=#{serial_name}  
	where id=#{id}
	</update>
	
	<!-- 根据编号删除用户信息 -->
	<delete id="deleteCTById" parameterType="int">
	delete from t_car_serial where id=#{id}
	</delete>
	
</mapper>
