<?xml version="1.0" encoding="UTF-8"?> 
<beans xmlns="http://www.springframework.org/schema/beans"
	xmlns:xsi="http://www.w3.org/2001/XMLSchema-instance"
	xmlns:aop="http://www.springframework.org/schema/aop"
	xmlns:context="http://www.springframework.org/schema/context"
	xmlns:tx="http://www.springframework.org/schema/tx"	
	xsi:schemaLocation="http://www.springframework.org/schema/aop
	    http://www.springframework.org/schema/aop/spring-aop-4.1.xsd
		http://www.springframework.org/schema/beans 
		http://www.springframework.org/schema/beans/spring-beans-4.1.xsd
		http://www.springframework.org/schema/tx
		http://www.springframework.org/schema/tx/spring-tx-4.1.xsd
		http://www.springframework.org/schema/context 
		http://www.springframework.org/schema/context/spring-context-4.1.xsd"
	>
	
	<!-- 1.配置数据源 -->
	<context:property-placeholder location="classpath:jdbc.properties" />
	<bean id="realDataSource" class="org.apache.commons.dbcp.BasicDataSource"
		destroy-method="close">
		<property name="driverClassName" value="${jdbc.driver}" />
		<property name="url" value="${jdbc.url}" />
		<property name="username" value="${jdbc.username}" />
		<property name="password" value="${jdbc.password}" />		
	</bean>
	
	<!-- 日志处理对数据库的操作 -->
	<bean id="dataSource" class="net.sf.log4jdbc.Log4jdbcProxyDataSource">
		<constructor-arg index="0" ref="realDataSource" />
	</bean>
	
	
	<!-- 2.配置SqlSessionFactory -->
	<bean id="sqlSessionFactory" class="org.mybatis.spring.SqlSessionFactoryBean">
		<property name="dataSource" ref="dataSource" />		
		<property name="configLocation" value="classpath:mybatis-config.xml" />
	</bean>
	
	<!-- 3.配置SqlSession -->
	<bean id="sqlSession" class="org.mybatis.spring.SqlSessionTemplate" scope="prototype">
	    <constructor-arg index="0" ref="sqlSessionFactory" />
	    <constructor-arg index="1" value="SIMPLE" />
	</bean>
	
	
	
	<!-- 4.配置事务管理器 -->
	<bean id="transactionManager"
		class="org.springframework.jdbc.datasource.DataSourceTransactionManager">
		<property name="dataSource" ref="dataSource" />
		<property name="globalRollbackOnParticipationFailure" value="false" />
	</bean>
	
	
   <!-- 自动扫描com.cissst.software包以及子包的类中所加的注解 --> 
   <context:component-scan base-package="com.hy"></context:component-scan>
   <!-- 自动扫描事务注解 -->
   <tx:annotation-driven />
   
   <!-- 5.Mybatis框架的整合配置 -->   
   <!-- scan for Mappers -->
	<bean class="org.mybatis.spring.mapper.MapperScannerConfigurer">
		<property name="basePackage" value="com.hy.mapper" />
   </bean>  
   
  
</beans>