<beans xmlns="http://www.springframework.org/schema/beans"
	xmlns:xsi="http://www.w3.org/2001/XMLSchema-instance"
	xmlns:aop="http://www.springframework.org/schema/aop"
	xmlns:context="http://www.springframework.org/schema/context"
	xmlns:tx="http://www.springframework.org/schema/tx"
	xmlns:mvc="http://www.springframework.org/schema/mvc"
	xsi:schemaLocation="http://www.springframework.org/schema/aop
	    http://www.springframework.org/schema/aop/spring-aop-4.1.xsd
		http://www.springframework.org/schema/beans 
		http://www.springframework.org/schema/beans/spring-beans-4.1.xsd
		http://www.springframework.org/schema/tx
		http://www.springframework.org/schema/tx/spring-tx-4.1.xsd
		http://www.springframework.org/schema/mvc
		http://www.springframework.org/schema/mvc/spring-mvc-4.1.xsd
		http://www.springframework.org/schema/context 
		http://www.springframework.org/schema/context/spring-context-4.1.xsd">

	<!-- 开启读取自定义类型转换器的开关 
	<mvc:annotation-driven conversion-service="conversionService"/> -->
	
	<!-- 自动扫描指定包中的注解 -->
	<context:component-scan
		base-package="com.hy.controller"></context:component-scan>

	<!-- 配置spring mvc注解包的自动扫描操作 -->
	<mvc:annotation-driven></mvc:annotation-driven>

	<bean id="viewResolver"
		class="org.springframework.web.servlet.view.InternalResourceViewResolver">
		<!-- View中用到的相关技术 -->
		<property name="viewClass"
			value="org.springframework.web.servlet.view.JstlView"></property>
		<!-- 后缀 -->
		<property name="suffix" value=".jsp"></property>
		<property name="prefix" value="/"></property>
	</bean>
	<!-- 文件上传操作 -->
	<bean id="multipartResolver"
		class="org.springframework.web.multipart.commons.CommonsMultipartResolver ">
		<property name="maxUploadSize" value="-1" />
		<property name="defaultEncoding" value="utf-8" /><!-- 设置字符集编码 -->
		<property name="maxInMemorySize" value="1024" /><!-- 内存中最大内存空间，单位是B NO KB -->
	</bean>
	
	<!-- 设置类型转换工厂为自定的类型
	<bean id="conversionService" class="org.springframework.context.support.ConversionServiceFactoryBean">
		<property name="converters">
			<list>
				<bean class="com.hy.converter.DateConverter">
					<property name="pattern">
						<value>yyyy-MM-dd</value>
					</property>
				</bean>
			</list>
		</property>
	</bean> -->

	<mvc:default-servlet-handler />

</beans>