<?xml version="1.0" encoding="UTF-8" ?>
<!DOCTYPE mapper
PUBLIC "-//mybatis.org//DTD Mapper 3.0//EN"
"http://mybatis.org/dtd/mybatis-3-mapper.dtd">
<mapper namespace="com.hy.mapper.CompanyMapper">
	
	<!-- 查询全部公司信息 -->
	<select id="findAll" resultType="Company">
		select * from t_company
	</select>
	
	<!-- 根据地址查询公司 -->
	<select id="findCompanyByAddress" parameterType="String" resultType="Company">
		select * from t_company 
		where address=#{address}
	</select>
	
	<!-- 根据car_no查询车的信息 -->
	<select id="findCar" resultType="CompanyCar">
		select * from t_company_car 
		where car_no=#{car_no}
	</select>
	
	<!-- 多表联合查询(一对多) -->
	<resultMap type="com.hy.model.Company" id="companycars">
		<id column="id" property="id"/>
		<result column="company_name" property="company_name"/>
		<collection property="companyCars" ofType="com.hy.model.CompanyCar">
			<id column="id" property="id"/>
			<result column="lease_id" property="lease_id"/>
			<result column="car_no" property="car_no"/>
			<result column="car_name" property="car_name"/>			
			<result column="car_type" property="car_type"/>
			<result column="normal_price" property="normal_price"/>
			<result column="holiday_price" property="holiday_price"/>
			<result column="special_price" property="special_price"/>
			<result column="displacement" property="displacement"/>
			<result column="gear" property="gear"/>
			<result column="seating" property="seating"/>
			<result column="car_pic" property="car_pic"/>
		</collection>
	</resultMap>
	<select id="findAllCarByCompanyCar" resultMap="companycars">
		select c1.*, c2.*
		from t_company c1, t_company_car c2
		where c1.id = c2.lease_id
	</select>
	
	<insert id="addOrder" parameterType="Order" useGeneratedKeys="true" keyProperty="id">
		insert into t_order(order_no, rental_fee, insurance_fee, deposit_fee, illegal_fee, pay_fee)
		values(#{order_no},#{rental_fee},#{insurance_fee},#{deposit_fee},#{illegal_fee},#{pay_fee})
	</insert>
	
	<insert id="addOrderCar" parameterType="OrderCar" useGeneratedKeys="true" keyProperty="id">
		insert into t_order_car(order_no, tack_address, return_address, lease_id, displacement, seating, gear, car_no, car_pic, car_type, car_name)
		values(#{order_no}, #{tack_address}, #{return_address}, #{lease_id}, #{displacement}, #{seating}, #{gear}, #{car_no}, #{car_pic}, #{car_type}, #{car_name})
	</insert>
	
	<insert id="addOrderTakeCar" parameterType="OrderTakeCar" useGeneratedKeys="true" keyProperty="id">
		insert into t_order_take_car(order_no, user_real_name, user_phone, user_idcard, take_date, return_date)
		values(#{order_no}, #{user_real_name}, #{user_phone}, #{user_idcard}, #{take_date}, #{return_date})
	</insert>
	
	<select id="findAddress" resultType="String">
		select distinct address
		from t_company;
	</select>

	
</mapper>
