<?xml version="1.0" encoding="UTF-8" ?>
<!DOCTYPE mapper
PUBLIC "-//mybatis.org//DTD Mapper 3.0//EN"
"http://mybatis.org/dtd/mybatis-3-mapper.dtd">
<mapper namespace="com.hy.mapper.OrderTakeCarMapper">
   
	
	<!-- 查询全部订单信息 -->
	<select id="findAll" resultType="OrderTakeCar">
		select * from t_order_take_car
	</select>
	
	<!-- 添加订单信息 -->
	<insert id="addOrderTakeCar" parameterType="OrderTakeCar" useGeneratedKeys="true" keyProperty="id">
		insert into t_lease_holiday (lease_id, holiday, holiday_type, create_date) 
		values (#{order_no}, #{user_real_name}, #{user_idcard}, #{user_phone}, #{take_date}, #{return_date})
	</insert>
	
	<!-- 根据订单号号查询订单信息 -->
	<select id="findOrderTakeCarByOrderNo" parameterType="String" resultType="OrderTakeCar">
	select * from t_order_take_car 
	where id=#{id}
	</select>

	<!-- 根据订单号删除订单信息 -->
	<delete id="deleteOrderTakeCarByOrderNo" parameterType="String">
	delete from t_order_take_car
	where id=#{id}
	</delete>
	
</mapper>
